Table,Field,Type,Key,Nullable,Default,Comment,References
Users,id,Integer,PK,FALSE,,"Integer identifier; primary key for each user record.",
Users,uuid,UUID,UQ,FALSE,uuid_generate_v4(),"Stable UUID; external user reference.",
Users,created_at,DateTime(tz),,FALSE,utcnow(),"Timezone-aware timestamp; when the user row was created.",
Users,updated_at,DateTime(tz),,FALSE,utcnow(),"Timezone-aware timestamp; when the user row was last modified.",
Users,disabled_at,DateTime(tz),,TRUE,,"Optional timestamp; when the account was disabled.",
Users,username,CITEXT,UQ,FALSE,,"Case-insensitive text; operator-chosen login name.",
Users,email,CITEXT,UQ,TRUE,,"Case-insensitive text; contact email for notifications.",
Users,roles,JSONB,,FALSE,[],"JSON array; access roles assigned to the user.",
Users,jwt_auth_active,Boolean,,FALSE,True,"Boolean flag; whether JWT authentication is enabled.",
Users,last_login_at,DateTime(tz),,TRUE,,"Timezone-aware timestamp; last successful login.",
Users,date_joined,DateTime(tz),,FALSE,datetime.now(timezone.utc),"Timezone-aware timestamp; when the user registered.",
CompliancePolicies,id,Integer,PK,FALSE,,"Integer identifier; primary key for compliance policy.",
CompliancePolicies,uuid,UUID,UQ,FALSE,uuid_generate_v4(),"Stable UUID; external reference for the policy.",
CompliancePolicies,created_at,DateTime(tz),,FALSE,utcnow(),"Timezone-aware timestamp; policy creation time.",
CompliancePolicies,updated_at,DateTime(tz),,FALSE,utcnow(),"Timezone-aware timestamp; last policy update.",
CompliancePolicies,disabled_at,DateTime(tz),,TRUE,,"Optional timestamp; marks policy as disabled for enforcement.",
CompliancePolicies,name,CITEXT,UQ,FALSE,,"Case-insensitive text; human-readable policy name.",
CompliancePolicies,description,Text,,TRUE,,"Long text; administrator description of the policy.",
CompliancePolicies,scope,JSONB,,FALSE,{},"JSON object; devices/groups the policy targets.",
CompliancePolicies,rules,JSONB,,FALSE,{},"JSON object; serialized policy rule set.",
ComplianceRules,id,Integer,PK,FALSE,,"Integer identifier; primary key for compliance rule.",
ComplianceRules,uuid,UUID,UQ,FALSE,uuid_generate_v4(),"Stable UUID; external reference for the rule.",
ComplianceRules,created_at,DateTime(tz),,FALSE,utcnow(),"Timezone-aware timestamp; rule creation time.",
ComplianceRules,updated_at,DateTime(tz),,FALSE,utcnow(),"Timezone-aware timestamp; last rule update.",
ComplianceRules,policy_id,Integer,FK,FALSE,,"Integer foreign key; parent compliance policy.",CompliancePolicies.id
ComplianceRules,name,String,,FALSE,,"Short text; rule display name.",
ComplianceRules,description,Text,,TRUE,,"Long text; explains the compliance check.",
ComplianceRules,rule_type,String(100),,FALSE,,"Short text; classification of the rule logic.",
ComplianceRules,severity,String(50),,FALSE,unknown,"Short text; admin-prioritized severity label.",
ComplianceRules,expression,Text,,FALSE,,"Long text; executable rule expression.",
ComplianceRules,params,JSONB,,FALSE,{},"JSON object; parameterization for evaluating the rule.",
ComplianceResults,id,Integer,PK,FALSE,,"Integer identifier; primary key for compliance evaluation result.",
ComplianceResults,created_at,DateTime(tz),,FALSE,utcnow(),"Timezone-aware timestamp; row creation time.",
ComplianceResults,updated_at,DateTime(tz),,FALSE,utcnow(),"Timezone-aware timestamp; last update time.",
ComplianceResults,device_id,Integer,FK,FALSE,,"Integer foreign key; device evaluated by the policy.",Devices.id
ComplianceResults,policy_id,Integer,FK,FALSE,,"Integer foreign key; compliance policy tested.",CompliancePolicies.id
ComplianceResults,rule_id,Integer,FK,TRUE,,"Integer foreign key; specific rule evaluated when available.",ComplianceRules.id
ComplianceResults,is_compliant,Boolean,,FALSE,,"Boolean flag; whether the device passed the check.",
ComplianceResults,checked_at,DateTime(tz),,FALSE,datetime.now(timezone.utc),"Timezone-aware timestamp; when evaluation executed.",
ComplianceResults,status,String(32),,FALSE,unknown,"Short text; summarized result status.",
ComplianceResults,summary,Text,,TRUE,,"Long text; operator-facing summary of the evaluation.",
ComplianceResults,details,JSONB,,FALSE,{},"JSON object; structured evidence from the evaluation.",
ComplianceResults,snapshot_id,Integer,FK,TRUE,,"Integer foreign key; configuration snapshot referenced for context.",DeviceConfigSnapshots.id
Manufacturers,id,Integer,PK,FALSE,,"Integer identifier; primary key for manufacturer.",
Manufacturers,uuid,UUID,UQ,FALSE,uuid_generate_v4(),"Stable UUID; external reference for manufacturer.",
Manufacturers,created_at,DateTime(tz),,FALSE,utcnow(),"Timezone-aware timestamp; manufacturer record creation.",
Manufacturers,updated_at,DateTime(tz),,FALSE,utcnow(),"Timezone-aware timestamp; last manufacturer update.",
Manufacturers,name,CITEXT,UQ,FALSE,,"Case-insensitive text; vendor or manufacturer name.",
DeviceTypes,id,Integer,PK,FALSE,,"Integer identifier; primary key for device type.",
DeviceTypes,uuid,UUID,UQ,FALSE,uuid_generate_v4(),"Stable UUID; external reference for device type.",
DeviceTypes,created_at,DateTime(tz),,FALSE,utcnow(),"Timezone-aware timestamp; device type creation time.",
DeviceTypes,updated_at,DateTime(tz),,FALSE,utcnow(),"Timezone-aware timestamp; last device type update.",
DeviceTypes,name,CITEXT,UQ,FALSE,,"Case-insensitive text; taxonomy label such as router or switch.",
DeviceTypes,category,CITEXT,,TRUE,,"Case-insensitive text; optional grouping category.",
ProductModels,id,Integer,PK,FALSE,,"Integer identifier; primary key for product model.",
ProductModels,uuid,UUID,UQ,FALSE,uuid_generate_v4(),"Stable UUID; external reference for product model.",
ProductModels,created_at,DateTime(tz),,FALSE,utcnow(),"Timezone-aware timestamp; product model creation time.",
ProductModels,updated_at,DateTime(tz),,FALSE,utcnow(),"Timezone-aware timestamp; last product model update.",
ProductModels,manufacturer_id,Integer,FK,TRUE,,"Integer foreign key; associated manufacturer.",Manufacturers.id
ProductModels,name,CITEXT,,FALSE,,"Case-insensitive text; vendor model name.",
ProductModels,model_number,CITEXT,,TRUE,,"Case-insensitive text; catalog or SKU reference.",
Platforms,id,Integer,PK,FALSE,,"Integer identifier; primary key for automation platform.",
Platforms,uuid,UUID,UQ,FALSE,uuid_generate_v4(),"Stable UUID; external reference for platform.",
Platforms,created_at,DateTime(tz),,FALSE,utcnow(),"Timezone-aware timestamp; platform creation time.",
Platforms,updated_at,DateTime(tz),,FALSE,utcnow(),"Timezone-aware timestamp; last platform update.",
Platforms,disabled_at,DateTime(tz),,TRUE,,"Optional timestamp; when the platform was disabled for use.",
Platforms,slug,CITEXT,UQ,FALSE,,"Case-insensitive text; unique automation platform slug.",
Platforms,display_name,CITEXT,,TRUE,,"Case-insensitive text; operator friendly display name.",
Platforms,vendor_hint,CITEXT,,TRUE,,"Case-insensitive text; vendor family hint such as cisco or juniper.",
Platforms,napalm_driver,String,,TRUE,,"String; NAPALM driver identifier for automation.",
Platforms,napalm_optional_args,JSONB,,FALSE,{},"JSON object; driver extras passed to Nornir connections.",
Platforms,netmiko_type,String,,TRUE,,"String; Netmiko device type hint.",
Platforms,scrapli_platform,String,,TRUE,,"String; Scrapli platform name for CLI automation.",
Platforms,default_transport,CITEXT,,TRUE,,"Case-insensitive text; preferred transport such as cli or rest.",
Platforms,handler_entrypoint,String,,TRUE,,"String; dotted Python path to custom handler class.",
Platforms,extras,JSONB,,FALSE,{},"JSON object; miscellaneous platform metadata.",
Platforms,ansible_network_os,CITEXT,,TRUE,,"Case-insensitive text; Ansible network_os mapping.",
Platforms,ansible_connection,CITEXT,,TRUE,,"Case-insensitive text; Ansible connection plugin name.",
Platforms,ansible_vars,JSONB,,FALSE,{},"JSON object; default Ansible variables for hosts on this platform.",
Platforms,notes,Text,,TRUE,,"Long text; operator notes about platform behavior.",
CredentialProfiles,id,Integer,PK,FALSE,,"Integer identifier; primary key for credential profile.",
CredentialProfiles,uuid,UUID,UQ,FALSE,uuid_generate_v4(),"Stable UUID; external reference for credential profile.",
CredentialProfiles,created_at,DateTime(tz),,FALSE,utcnow(),"Timezone-aware timestamp; credential profile creation time.",
CredentialProfiles,updated_at,DateTime(tz),,FALSE,utcnow(),"Timezone-aware timestamp; last credential profile update.",
CredentialProfiles,disabled_at,DateTime(tz),,TRUE,,"Optional timestamp; when the profile was disabled.",
CredentialProfiles,name,CITEXT,UQ,FALSE,,"Case-insensitive text; unique credential profile name.",
CredentialProfiles,description,Text,,TRUE,,"Long text; describes usage of the credential profile.",
CredentialProfiles,auth_type,CITEXT,,FALSE,username_password,"Case-insensitive text; authentication style identifier.",
CredentialProfiles,username,CITEXT,,TRUE,,"Case-insensitive text; optional username hint stored in Orbit.",
CredentialProfiles,secret_ref,String,,TRUE,,"String; external secret backend reference or path.",
CredentialProfiles,secret_metadata,JSONB,,FALSE,{},"JSON object; metadata describing the external secret.",
CredentialProfiles,params,JSONB,,FALSE,{},"JSON object; provider-specific connection parameters.",
InventoryGroups,id,Integer,PK,FALSE,,"Integer identifier; primary key for inventory group.",
InventoryGroups,uuid,UUID,UQ,FALSE,uuid_generate_v4(),"Stable UUID; external reference for inventory group.",
InventoryGroups,created_at,DateTime(tz),,FALSE,utcnow(),"Timezone-aware timestamp; inventory group creation time.",
InventoryGroups,updated_at,DateTime(tz),,FALSE,utcnow(),"Timezone-aware timestamp; last inventory group update.",
InventoryGroups,disabled_at,DateTime(tz),,TRUE,,"Optional timestamp; when the group was disabled.",
InventoryGroups,slug,CITEXT,UQ,FALSE,,"Case-insensitive text; unique slug for use in automation inventory.",
InventoryGroups,name,CITEXT,UQ,FALSE,,"Case-insensitive text; operator-facing group name.",
InventoryGroups,description,Text,,TRUE,,"Long text; explains the inventory group purpose.",
InventoryGroups,nornir_data,JSONB,,FALSE,{},"JSON object; default Nornir host vars for group members.",
InventoryGroups,ansible_vars,JSONB,,FALSE,{},"JSON object; default Ansible variables for the group.",
InventoryGroups,is_dynamic,Boolean,,FALSE,False,"Boolean flag; indicates dynamic membership managed by rules.",
InventoryGroups,definition,JSONB,,FALSE,{},"JSON object; criteria for dynamic group evaluation.",
InventoryGroups,evaluation_scope,CITEXT,,TRUE,,"Case-insensitive text; scope indicator for automation filters.",
InventoryGroups,cached_device_count,Integer,,FALSE,0,"Integer; cached count of devices currently matching criteria.",
InventoryGroups,last_evaluated_at,DateTime(tz),,TRUE,,"Timezone-aware timestamp; when dynamic membership was last computed.",
DeviceInventoryGroups,created_at,DateTime(tz),,FALSE,utcnow(),"Timezone-aware timestamp; association row creation time.",
DeviceInventoryGroups,updated_at,DateTime(tz),,FALSE,utcnow(),"Timezone-aware timestamp; last association update.",
DeviceInventoryGroups,device_id,Integer,PK,FALSE,,"Integer foreign key; linked device in the group.",Devices.id
DeviceInventoryGroups,group_id,Integer,PK,FALSE,,"Integer foreign key; inventory group containing the device.",InventoryGroups.id
Devices,id,Integer,PK,FALSE,,"Integer identifier; primary key for device record.",
Devices,uuid,UUID,UQ,FALSE,uuid_generate_v4(),"Stable UUID; external identifier for the device.",
Devices,created_at,DateTime(tz),,FALSE,utcnow(),"Timezone-aware timestamp; device record creation time.",
Devices,updated_at,DateTime(tz),,FALSE,utcnow(),"Timezone-aware timestamp; last device update.",
Devices,disabled_at,DateTime(tz),,TRUE,,"Optional timestamp; when the device was deactivated in inventory.",
Devices,name,CITEXT,,TRUE,,"Case-insensitive text; hostname or logical name reported by admins.",
Devices,fqdn,CITEXT,,TRUE,,"Case-insensitive text; fully qualified domain name for management.",
Devices,device_type_id,Integer,FK,TRUE,,"Integer foreign key; taxonomy type for the device.",DeviceTypes.id
Devices,manufacturer_id,Integer,FK,TRUE,,"Integer foreign key; hardware vendor for the device.",Manufacturers.id
Devices,product_model_id,Integer,FK,TRUE,,"Integer foreign key; normalized product model.",ProductModels.id
Devices,serial_number,CITEXT,,TRUE,,"Case-insensitive text; manufacturer serial number.",
Devices,asset_tag,CITEXT,,TRUE,,"Case-insensitive text; enterprise asset tracking tag.",
Devices,is_virtual,Boolean,,FALSE,False,"Boolean flag; indicates a virtualized instance instead of physical hardware.",
Devices,os_name,CITEXT,,TRUE,,"Case-insensitive text; network operating system family.",
Devices,os_version,String,,TRUE,,"String; running software version for lifecycle tracking.",
Devices,mgmt_ipv4,INET,,TRUE,,"INET; IPv4 management address for remote access.",
Devices,mgmt_port,Integer,,FALSE,22,"Integer; TCP port used for management connections.",
Devices,facts,JSONB,,FALSE,{},"JSON object; vendor discovery data captured from the device.",
Devices,last_seen_at,DateTime,,TRUE,,"Naive timestamp; last telemetry or poll contact time.",
Devices,platform_id,Integer,FK,TRUE,,"Integer foreign key; automation platform profile applied to device.",Platforms.id
Devices,credential_profile_id,Integer,FK,TRUE,,"Integer foreign key; credential lookup profile for automation.",CredentialProfiles.id
Devices,nornir_data,JSONB,,FALSE,{},"JSON object; per-device Nornir connection overrides.",
Devices,ansible_host,CITEXT,,TRUE,,"Case-insensitive text; override hostname for Ansible inventory.",
Devices,ansible_vars,JSONB,,FALSE,{},"JSON object; per-device Ansible variables.",
Devices,notes,Text,,TRUE,,"Long text; operator notes about the device.",
PhysicalDeviceInfos,created_at,DateTime(tz),,FALSE,utcnow(),"Timezone-aware timestamp; physical info record creation time.",
PhysicalDeviceInfos,updated_at,DateTime(tz),,FALSE,utcnow(),"Timezone-aware timestamp; last physical info update.",
PhysicalDeviceInfos,device_id,Integer,PK,FALSE,,"Integer foreign key; primary key referencing the physical device.",Devices.id
PhysicalDeviceInfos,site,CITEXT,,TRUE,,"Case-insensitive text; site name or code housing the device.",
PhysicalDeviceInfos,rack,String,,TRUE,,"String; rack identifier within the site.",
PhysicalDeviceInfos,position_u,Integer,,TRUE,,"Integer; rack unit position for installation tracking.",
VirtualInstanceInfos,created_at,DateTime(tz),,FALSE,utcnow(),"Timezone-aware timestamp; virtual instance info creation time.",
VirtualInstanceInfos,updated_at,DateTime(tz),,FALSE,utcnow(),"Timezone-aware timestamp; last virtual info update.",
VirtualInstanceInfos,device_id,Integer,PK,FALSE,,"Integer foreign key; virtual device owning this metadata.",Devices.id
VirtualInstanceInfos,hypervisor,CITEXT,,TRUE,,"Case-insensitive text; hypervisor platform hosting the VM.",
VirtualInstanceInfos,host_device_id,Integer,FK,TRUE,,"Integer foreign key; physical host device when tracked.",Devices.id
VirtualInstanceInfos,vm_uuid,String,,TRUE,,"String; virtualization platform UUID for correlation.",
Interfaces,id,Integer,PK,FALSE,,"Integer identifier; primary key for interface record.",
Interfaces,uuid,UUID,UQ,FALSE,uuid_generate_v4(),"Stable UUID; external identifier for the interface.",
Interfaces,created_at,DateTime(tz),,FALSE,utcnow(),"Timezone-aware timestamp; interface record creation time.",
Interfaces,updated_at,DateTime(tz),,FALSE,utcnow(),"Timezone-aware timestamp; last interface update.",
Interfaces,device_id,Integer,FK,FALSE,,"Integer foreign key; device hosting the interface.",Devices.id
Interfaces,name,String,,FALSE,,"String; logical interface identifier such as Gig0/0.",
Interfaces,description,String,,TRUE,,"String; operator-supplied description or alias.",
Interfaces,mac_address,String,,TRUE,,"String; burned-in or configured MAC address.",
Interfaces,type,CITEXT,,TRUE,,"Case-insensitive text; interface classification like ethernet or loopback.",
Interfaces,speed_mbps,Integer,,TRUE,,"Integer; provisioned bandwidth in megabits per second.",
Interfaces,is_up,Boolean,,FALSE,True,"Boolean flag; reflects latest operational status.",
Interfaces,is_enabled,Boolean,,FALSE,True,"Boolean flag; administrative enable state.",
Interfaces,mtu,Integer,,TRUE,,"Integer; configured maximum transmission unit.",
Interfaces,facts,JSONB,,FALSE,{},"JSON object; telemetry details captured for the interface.",
IPAddresses,id,Integer,PK,FALSE,,"Integer identifier; primary key for IP address record.",
IPAddresses,uuid,UUID,UQ,FALSE,uuid_generate_v4(),"Stable UUID; external identifier for the IP address.",
IPAddresses,created_at,DateTime(tz),,FALSE,utcnow(),"Timezone-aware timestamp; IP record creation time.",
IPAddresses,updated_at,DateTime(tz),,FALSE,utcnow(),"Timezone-aware timestamp; last IP record update.",
IPAddresses,device_id,Integer,FK,TRUE,,"Integer foreign key; device directly assigned the IP (if any).",Devices.id
IPAddresses,interface_id,Integer,FK,TRUE,,"Integer foreign key; interface primarily using the IP.",Interfaces.id
IPAddresses,address,INET,UQ,FALSE,,"INET; canonical IPv4 address under management.",
IPAddresses,prefix_length,Integer,,FALSE,32,"Integer; subnet prefix length for the address.",
IPAddresses,is_primary,Boolean,,FALSE,False,"Boolean flag; marks primary IP for the interface or device.",
IPAddresses,role,CITEXT,,TRUE,,"Case-insensitive text; functional role such as management or loopback.",
IPAddresses,vrf,CITEXT,,TRUE,,"Case-insensitive text; virtual routing/forwarding context.",
IPAddresses,notes,Text,,TRUE,,"Long text; operator notes about the address usage.",
IPAddresses,meta,JSONB,,FALSE,{},"JSON object; arbitrary metadata about the address.",
InterfaceIPAddresses,created_at,DateTime(tz),,FALSE,utcnow(),"Timezone-aware timestamp; association creation time.",
InterfaceIPAddresses,updated_at,DateTime(tz),,FALSE,utcnow(),"Timezone-aware timestamp; last association update.",
InterfaceIPAddresses,interface_id,Integer,PK,FALSE,,"Integer foreign key; interface participating in the assignment.",Interfaces.id
InterfaceIPAddresses,ip_address_id,Integer,PK,FALSE,,"Integer foreign key; IP address assigned to the interface.",IPAddresses.id
InterfaceIPAddresses,primary,Boolean,,FALSE,False,"Boolean flag; indicates this is the preferred address on the interface.",
InterfaceIPAddresses,assigned_from,DateTime,,TRUE,,"Naive timestamp; when the assignment became active.",
InterfaceIPAddresses,assigned_to,DateTime,,TRUE,,"Naive timestamp; when the assignment ended.",
DeviceConfigSnapshots,id,BigInteger,PK,FALSE,,"Big integer; primary key for configuration snapshot.",
DeviceConfigSnapshots,uuid,UUID,UQ,FALSE,uuid_generate_v4(),"Stable UUID; external identifier for the snapshot.",
DeviceConfigSnapshots,created_at,DateTime(tz),,FALSE,utcnow(),"Timezone-aware timestamp; snapshot record creation time.",
DeviceConfigSnapshots,updated_at,DateTime(tz),,FALSE,utcnow(),"Timezone-aware timestamp; last snapshot update.",
DeviceConfigSnapshots,device_id,Integer,FK,FALSE,,"Integer foreign key; device whose configuration was captured.",Devices.id
DeviceConfigSnapshots,job_id,Integer,FK,TRUE,,"Integer foreign key; job that collected the snapshot.",Jobs.id
DeviceConfigSnapshots,captured_by_id,Integer,FK,TRUE,,"Integer foreign key; user credited with capturing the snapshot.",Users.id
DeviceConfigSnapshots,captured_at,DateTime,,FALSE,utcnow(),"Naive timestamp; when the configuration was captured.",
DeviceConfigSnapshots,source,CITEXT,,TRUE,,"Case-insensitive text; acquisition source such as backup or manual.",
DeviceConfigSnapshots,content_sha256,String(64),,FALSE,,"String; SHA-256 hash of the configuration content for dedupe.",
DeviceConfigSnapshots,size_bytes,Integer,,FALSE,0,"Integer; uncompressed configuration size in bytes.",
DeviceConfigSnapshots,storage_inline,Boolean,,FALSE,True,"Boolean flag; indicates config stored inline rather than external object storage.",
DeviceConfigSnapshots,content_inline_text,Text,,TRUE,,"Long text; UTF-8 configuration payload when stored inline.",
DeviceConfigSnapshots,content_inline_bytes,LargeBinary,,TRUE,,"Binary; compressed configuration payload when not plain text.",
DeviceConfigSnapshots,object_url,String,,TRUE,,"String; external storage location when offloaded.",
DeviceConfigSnapshots,content_mime,String,,FALSE,text/plain,"String; MIME type describing configuration format.",
DeviceConfigSnapshots,content_encoding,String,,TRUE,,"String; encoding such as gzip applied to stored bytes.",
DeviceConfigSnapshots,vendor_hint,CITEXT,,TRUE,,"Case-insensitive text; vendor identifier inferred for parsing.",
DeviceConfigSnapshots,config_role,CITEXT,,TRUE,,"Case-insensitive text; role of the configuration (running, startup, etc.).",
DeviceConfigSnapshots,parsed_facts,JSONB,,FALSE,{},"JSON object; metadata extracted from the configuration.",
DeviceConfigSnapshots,notes,Text,,TRUE,,"Long text; operator notes about the snapshot.",
DeviceConfigDiffs,id,BigInteger,PK,FALSE,,"Big integer; primary key for configuration diff.",
DeviceConfigDiffs,created_at,DateTime(tz),,FALSE,utcnow(),"Timezone-aware timestamp; diff record creation time.",
DeviceConfigDiffs,updated_at,DateTime(tz),,FALSE,utcnow(),"Timezone-aware timestamp; last diff update.",
DeviceConfigDiffs,device_id,Integer,FK,FALSE,,"Integer foreign key; device whose configurations were compared.",Devices.id
DeviceConfigDiffs,from_snapshot_id,Integer,FK,FALSE,,"Integer foreign key; baseline snapshot reference.",DeviceConfigSnapshots.id
DeviceConfigDiffs,to_snapshot_id,Integer,FK,FALSE,,"Integer foreign key; comparison snapshot reference.",DeviceConfigSnapshots.id
DeviceConfigDiffs,diff_text,Text,,FALSE,,"Long text; cached unified diff between snapshots.",
DeviceTags,id,Integer,PK,FALSE,,"Integer identifier; primary key for device tag.",
DeviceTags,uuid,UUID,UQ,FALSE,uuid_generate_v4(),"Stable UUID; external identifier for the tag.",
DeviceTags,created_at,DateTime(tz),,FALSE,utcnow(),"Timezone-aware timestamp; tag creation time.",
DeviceTags,updated_at,DateTime(tz),,FALSE,utcnow(),"Timezone-aware timestamp; last tag update.",
DeviceTags,slug,CITEXT,UQ,FALSE,,"Case-insensitive text; unique label slug for automation.",
DeviceTags,name,String(100),,FALSE,,"String; display name of the tag.",
DeviceTags,description,Text,,TRUE,,"Long text; describes when to apply the tag.",
DeviceTags,color,String(16),,TRUE,,"String; hex or named color for UI highlighting.",
DeviceTags,attributes,JSONB,,FALSE,{},"JSON object; arbitrary metadata associated with the tag.",
DeviceTags,is_protected,Boolean,,FALSE,False,"Boolean flag; prevents deletion of essential tags.",
DeviceTagAssignments,id,Integer,PK,FALSE,,"Integer identifier; primary key for tag assignment entry.",
DeviceTagAssignments,uuid,UUID,UQ,FALSE,uuid_generate_v4(),"Stable UUID; external identifier for the tag assignment.",
DeviceTagAssignments,created_at,DateTime(tz),,FALSE,utcnow(),"Timezone-aware timestamp; assignment creation time.",
DeviceTagAssignments,updated_at,DateTime(tz),,FALSE,utcnow(),"Timezone-aware timestamp; last assignment update.",
DeviceTagAssignments,device_id,Integer,FK,FALSE,,"Integer foreign key; device receiving the tag.",Devices.id
DeviceTagAssignments,tag_id,Integer,FK,FALSE,,"Integer foreign key; tag applied to the device.",DeviceTags.id
DeviceTagAssignments,job_id,Integer,FK,TRUE,,"Integer foreign key; job responsible for the assignment.",Jobs.id
DeviceTagAssignments,applied_by_id,Integer,FK,TRUE,,"Integer foreign key; user who applied the tag.",Users.id
DeviceTagAssignments,source,CITEXT,,TRUE,,"Case-insensitive text; origin of the tagging action such as api or sync.",
DeviceTagAssignments,notes,Text,,TRUE,,"Long text; explanation of the tagging change.",
DeviceTagAssignments,attributes,JSONB,,FALSE,{},"JSON object; supplemental metadata about the assignment.",
DeviceHealthSnapshots,id,Integer,PK,FALSE,,"Integer identifier; primary key for device health snapshot.",
DeviceHealthSnapshots,uuid,UUID,UQ,FALSE,uuid_generate_v4(),"Stable UUID; external identifier for the health snapshot.",
DeviceHealthSnapshots,created_at,DateTime(tz),,FALSE,utcnow(),"Timezone-aware timestamp; health record creation time.",
DeviceHealthSnapshots,updated_at,DateTime(tz),,FALSE,utcnow(),"Timezone-aware timestamp; last health record update.",
DeviceHealthSnapshots,device_id,Integer,FK,FALSE,,"Integer foreign key; monitored device reference.",Devices.id
DeviceHealthSnapshots,observed_at,DateTime(tz),,FALSE,utcnow(),"Timezone-aware timestamp; when telemetry was observed.",
DeviceHealthSnapshots,status,CITEXT,,FALSE,unknown,"Case-insensitive text; consolidated health status label.",
DeviceHealthSnapshots,summary,Text,,TRUE,,"Long text; narrative summary of health findings.",
DeviceHealthSnapshots,metrics,JSONB,,FALSE,{},"JSON object; numeric telemetry metrics captured.",
DeviceHealthSnapshots,checks,JSONB,,FALSE,{},"JSON object; results of individual health checks.",
DeviceHealthSnapshots,latency_ms,Float,,FALSE,0.0,"Float; measured latency in milliseconds.",
DeviceHealthSnapshots,availability_percent,Float,,FALSE,0.0,"Float; calculated availability percentage.",
DeviceHealthSnapshots,job_id,Integer,FK,TRUE,,"Integer foreign key; job run associated with the snapshot.",Jobs.id
DeviceHealthSnapshots,job_task_id,Integer,FK,TRUE,,"Integer foreign key; specific job task producing the data.",JobTasks.id
DeviceProbeTemplates,id,Integer,PK,FALSE,,"Integer identifier; primary key for probe template.",
DeviceProbeTemplates,uuid,UUID,UQ,FALSE,uuid_generate_v4(),"Stable UUID; external identifier for the probe template.",
DeviceProbeTemplates,created_at,DateTime(tz),,FALSE,utcnow(),"Timezone-aware timestamp; template creation time.",
DeviceProbeTemplates,updated_at,DateTime(tz),,FALSE,utcnow(),"Timezone-aware timestamp; last template update.",
DeviceProbeTemplates,disabled_at,DateTime(tz),,TRUE,,"Optional timestamp; when the template was disabled for scheduling.",
DeviceProbeTemplates,slug,CITEXT,UQ,FALSE,,"Case-insensitive text; unique slug for referencing the template.",
DeviceProbeTemplates,name,String(120),,FALSE,,"String; descriptive name for the probe.",
DeviceProbeTemplates,probe_type,CITEXT,,FALSE,,"Case-insensitive text; type of probe such as ping or api.",
DeviceProbeTemplates,description,Text,,TRUE,,"Long text; explains probe intent and usage.",
DeviceProbeTemplates,timeout_seconds,Integer,,FALSE,30,"Integer; maximum time to wait for probe completion.",
DeviceProbeTemplates,config,JSONB,,FALSE,{},"JSON object; configuration payload sent to probe runner.",
DeviceProbeTemplates,expected_outcome,JSONB,,FALSE,{},"JSON object; success criteria or assertions for the probe.",
DeviceProbeExecutions,id,Integer,PK,FALSE,,"Integer identifier; primary key for probe execution.",
DeviceProbeExecutions,uuid,UUID,UQ,FALSE,uuid_generate_v4(),"Stable UUID; external identifier for the probe execution.",
DeviceProbeExecutions,created_at,DateTime(tz),,FALSE,utcnow(),"Timezone-aware timestamp; execution record creation time.",
DeviceProbeExecutions,updated_at,DateTime(tz),,FALSE,utcnow(),"Timezone-aware timestamp; last execution update.",
DeviceProbeExecutions,device_id,Integer,FK,FALSE,,"Integer foreign key; device targeted by the probe.",Devices.id
DeviceProbeExecutions,job_id,Integer,FK,TRUE,,"Integer foreign key; job that scheduled the probe.",Jobs.id
DeviceProbeExecutions,job_task_id,Integer,FK,TRUE,,"Integer foreign key; job task executing the probe.",JobTasks.id
DeviceProbeExecutions,template_id,Integer,FK,TRUE,,"Integer foreign key; template describing the probe behavior.",DeviceProbeTemplates.id
DeviceProbeExecutions,probe_type,CITEXT,,FALSE,,"Case-insensitive text; probe classification recorded for history.",
DeviceProbeExecutions,status,CITEXT,,FALSE,pending,"Case-insensitive text; lifecycle state of the execution.",
DeviceProbeExecutions,started_at,DateTime(tz),,TRUE,,"Timezone-aware timestamp; when execution began running.",
DeviceProbeExecutions,completed_at,DateTime(tz),,TRUE,,"Timezone-aware timestamp; when execution completed.",
DeviceProbeExecutions,latency_ms,Float,,FALSE,0.0,"Float; duration of the probe in milliseconds.",
DeviceProbeExecutions,is_success,Boolean,,FALSE,False,"Boolean flag; indicates the probe met expected outcome.",
DeviceProbeExecutions,response,JSONB,,FALSE,{},"JSON object; primary response payload captured.",
DeviceProbeExecutions,diagnostics,JSONB,,FALSE,{},"JSON object; supplemental diagnostic data for troubleshooting.",
DeviceProbeExecutions,error,JSONB,,FALSE,{},"JSON object; structured error information when probes fail.",
HardwareLifecycle,id,Integer,PK,FALSE,,"Integer identifier; primary key for hardware lifecycle entry.",
HardwareLifecycle,uuid,UUID,UQ,FALSE,uuid_generate_v4(),"Stable UUID; external identifier for the lifecycle record.",
HardwareLifecycle,created_at,DateTime(tz),,FALSE,utcnow(),"Timezone-aware timestamp; lifecycle entry creation time.",
HardwareLifecycle,updated_at,DateTime(tz),,FALSE,utcnow(),"Timezone-aware timestamp; last lifecycle update.",
HardwareLifecycle,product_model_id,Integer,FK,FALSE,,"Integer foreign key; product model the milestones apply to.",ProductModels.id
HardwareLifecycle,end_of_sale_date,DateTime,,TRUE,,"Naive timestamp; vendor announced end-of-sale milestone.",
HardwareLifecycle,end_of_software_maintenance_date,DateTime,,TRUE,,"Naive timestamp; last date for maintenance software releases.",
HardwareLifecycle,end_of_security_fixes_date,DateTime,,TRUE,,"Naive timestamp; final availability of security patches.",
HardwareLifecycle,last_day_of_support_date,DateTime,,TRUE,,"Naive timestamp; final vendor support availability.",
HardwareLifecycle,source_url,String,,TRUE,,"String; vendor documentation link supporting the milestone.",
HardwareLifecycle,notes,Text,,TRUE,,"Long text; operator commentary about lifecycle dates.",
SoftwareLifecycle,id,Integer,PK,FALSE,,"Integer identifier; primary key for software lifecycle entry.",
SoftwareLifecycle,uuid,UUID,UQ,FALSE,uuid_generate_v4(),"Stable UUID; external identifier for software lifecycle.",
SoftwareLifecycle,created_at,DateTime(tz),,FALSE,utcnow(),"Timezone-aware timestamp; lifecycle row creation time.",
SoftwareLifecycle,updated_at,DateTime(tz),,FALSE,utcnow(),"Timezone-aware timestamp; last lifecycle update.",
SoftwareLifecycle,platform_id,Integer,FK,TRUE,,"Integer foreign key; automation platform the rule targets.",Platforms.id
SoftwareLifecycle,os_name,CITEXT,,FALSE,,"Case-insensitive text; network OS family name.",
SoftwareLifecycle,match_value,String,,FALSE,,"String; version pattern evaluated against device OS.",
SoftwareLifecycle,match_operator,CITEXT,,FALSE,eq,"Case-insensitive text; comparison operator such as eq or prefix.",
SoftwareLifecycle,end_of_software_maintenance_date,DateTime,,TRUE,,"Naive timestamp; last date for maintenance releases.",
SoftwareLifecycle,end_of_security_fixes_date,DateTime,,TRUE,,"Naive timestamp; final security patch availability.",
SoftwareLifecycle,last_day_of_support_date,DateTime,,TRUE,,"Naive timestamp; vendor support end date.",
SoftwareLifecycle,end_of_sale_date,DateTime,,TRUE,,"Naive timestamp; end of sale for the software version.",
SoftwareLifecycle,source_url,String,,TRUE,,"String; documentation link for lifecycle data.",
SoftwareLifecycle,notes,Text,,TRUE,,"Long text; operator notes regarding lifecycle impacts.",
RequestLogs,id,Integer,PK,FALSE,,"Integer identifier; primary key for HTTP request log.",
RequestLogs,uuid,UUID,UQ,FALSE,uuid_generate_v4(),"Stable UUID; external identifier for the request log entry.",
RequestLogs,created_at,DateTime(tz),,FALSE,utcnow(),"Timezone-aware timestamp; log row creation time.",
RequestLogs,updated_at,DateTime(tz),,FALSE,utcnow(),"Timezone-aware timestamp; last log update (rare).",
RequestLogs,correlation_id,String(36),,FALSE,,"String; trace identifier linking related request events.",
RequestLogs,user_id,Integer,FK,TRUE,,"Integer foreign key; authenticated user making the request.",Users.id
RequestLogs,method,String(10),,FALSE,,"String; HTTP method such as GET or POST.",
RequestLogs,path,String,,FALSE,,"String; request path captured for analytics.",
RequestLogs,route,String,,TRUE,,"String; matched Flask route name when available.",
RequestLogs,blueprint,String,,TRUE,,"String; Flask blueprint handling the request.",
RequestLogs,status_code,Integer,,FALSE,,"Integer; HTTP response status code returned.",
RequestLogs,ip,String(64),,TRUE,,"String; client IP address observed.",
RequestLogs,user_agent,String,,TRUE,,"String; client user agent string.",
RequestLogs,request_bytes,Integer,,TRUE,,"Integer; size of request payload in bytes.",
RequestLogs,response_bytes,Integer,,TRUE,,"Integer; size of response payload in bytes.",
RequestLogs,auth_subject,String,,TRUE,,"String; authentication subject or principal processed.",
RequestLogs,device_id_hint,Integer,,TRUE,,"Integer; optional device identifier referenced by the request.",
RequestLogs,platform_id_hint,Integer,,TRUE,,"Integer; optional platform identifier referenced by the request.",
RequestLogs,occurred_at,DateTime(tz),,FALSE,datetime.now(timezone.utc),"Timezone-aware timestamp; when the request occurred.",
RequestLogs,latency_ms,Integer,,FALSE,0,"Integer; total request latency in milliseconds.",
RequestLogs,query_params,JSONB,,FALSE,{},"JSON object; parsed query parameters for auditing.",
RequestLogs,request_headers,JSONB,,FALSE,{},"JSON object; inbound HTTP headers captured.",
RequestLogs,response_headers,JSONB,,FALSE,{},"JSON object; outbound HTTP headers captured.",
ErrorLogs,id,Integer,PK,FALSE,,"Integer identifier; primary key for application error log.",
ErrorLogs,uuid,UUID,UQ,FALSE,uuid_generate_v4(),"Stable UUID; external identifier for the error entry.",
ErrorLogs,created_at,DateTime(tz),,FALSE,utcnow(),"Timezone-aware timestamp; error log creation time.",
ErrorLogs,updated_at,DateTime(tz),,FALSE,utcnow(),"Timezone-aware timestamp; last update of error record.",
ErrorLogs,correlation_id,String(36),,FALSE,,"String; trace identifier linking to request logs or jobs.",
ErrorLogs,level,CITEXT,,FALSE,,"Case-insensitive text; severity of the error such as ERROR.",
ErrorLogs,message,Text,,FALSE,,"Long text; error message captured for troubleshooting.",
ErrorLogs,traceback,Text,,TRUE,,"Long text; Python traceback when available.",
ErrorLogs,request_log_id,Integer,FK,TRUE,,"Integer foreign key; related HTTP request log entry.",RequestLogs.id
ErrorLogs,user_id,Integer,FK,TRUE,,"Integer foreign key; user affected by the error if known.",Users.id
ErrorLogs,occurred_at,DateTime(tz),,FALSE,datetime.now(timezone.utc),"Timezone-aware timestamp; when the error occurred.",
ErrorLogs,context,JSONB,,FALSE,{},"JSON object; structured context for debugging.",
AppEvents,id,Integer,PK,FALSE,,"Integer identifier; primary key for application event log.",
AppEvents,uuid,UUID,UQ,FALSE,uuid_generate_v4(),"Stable UUID; external identifier for the event entry.",
AppEvents,created_at,DateTime(tz),,FALSE,utcnow(),"Timezone-aware timestamp; event row creation time.",
AppEvents,updated_at,DateTime(tz),,FALSE,utcnow(),"Timezone-aware timestamp; last event update.",
AppEvents,event,CITEXT,,FALSE,,"Case-insensitive text; event type or code.",
AppEvents,message,Text,,TRUE,,"Long text; descriptive message for the event.",
AppEvents,occurred_at,DateTime(tz),,FALSE,datetime.now(timezone.utc),"Timezone-aware timestamp; when the event occurred.",
AppEvents,level,CITEXT,,FALSE,INFO,"Case-insensitive text; event severity level.",
AppEvents,extra,JSONB,,FALSE,{},"JSON object; supplemental data related to the event.",
AuditLogEntries,id,Integer,PK,FALSE,,"Integer identifier; primary key for audit log entry.",
AuditLogEntries,uuid,UUID,UQ,FALSE,uuid_generate_v4(),"Stable UUID; external identifier for the audit entry.",
AuditLogEntries,created_at,DateTime(tz),,FALSE,utcnow(),"Timezone-aware timestamp; audit record creation time.",
AuditLogEntries,updated_at,DateTime(tz),,FALSE,utcnow(),"Timezone-aware timestamp; last audit record update.",
AuditLogEntries,actor_type,CITEXT,,TRUE,,"Case-insensitive text; category of actor initiating the change.",
AuditLogEntries,actor_display_name,String(255),,TRUE,,"String; friendly name of the actor for reporting.",
AuditLogEntries,action,CITEXT,,FALSE,,"Case-insensitive text; action performed such as update or delete.",
AuditLogEntries,target_type,CITEXT,,FALSE,,"Case-insensitive text; resource type impacted by the action.",
AuditLogEntries,target_uuid,String(36),,TRUE,,"String; UUID of the target entity when available.",
AuditLogEntries,target_repr,String,,TRUE,,"String; human-readable representation of the target.",
AuditLogEntries,request_id,String(64),,TRUE,,"String; correlation identifier for the request or workflow.",
AuditLogEntries,ip_address,String(64),,TRUE,,"String; source IP address for the actor.",
AuditLogEntries,user_agent,String,,TRUE,,"String; client user agent recorded for auditing.",
AuditLogEntries,actor_id,Integer,FK,TRUE,,"Integer foreign key; user who initiated the action.",Users.id
AuditLogEntries,target_id,Integer,,TRUE,,"Integer; database identifier of the target when relevant.",
AuditLogEntries,job_id,Integer,FK,TRUE,,"Integer foreign key; job associated with the change.",Jobs.id
AuditLogEntries,occurred_at,DateTime(tz),,FALSE,utcnow(),"Timezone-aware timestamp; when the audited action happened.",
AuditLogEntries,payload,JSONB,,FALSE,{},"JSON object; before/after details of the change.",
AuditLogEntries,message,Text,,TRUE,,"Long text; human-readable summary of the audit event.",
PlatformOperationTemplates,id,Integer,PK,FALSE,,"Integer identifier; primary key for platform operation template.",
PlatformOperationTemplates,uuid,UUID,UQ,FALSE,uuid_generate_v4(),"Stable UUID; external identifier for the operation template.",
PlatformOperationTemplates,created_at,DateTime(tz),,FALSE,utcnow(),"Timezone-aware timestamp; template creation time.",
PlatformOperationTemplates,updated_at,DateTime(tz),,FALSE,utcnow(),"Timezone-aware timestamp; last template update.",
PlatformOperationTemplates,platform_id,Integer,FK,FALSE,,"Integer foreign key; automation platform this template targets.",Platforms.id
PlatformOperationTemplates,name,String,,FALSE,,"String; display name for the operation template.",
PlatformOperationTemplates,description,Text,,TRUE,,"Long text; explains what the operation performs.",
PlatformOperationTemplates,op_type,CITEXT,,FALSE,,"Case-insensitive text; category of operation like backup.",
PlatformOperationTemplates,template,Text,,FALSE,,"Long text; execution template body or script.",
PlatformOperationTemplates,notes,Text,,TRUE,,"Long text; guidance for using the operation template.",
PlatformOperationTemplates,variables,JSONB,,FALSE,{},"JSON object; schema of expected variables for the template.",
Jobs,id,Integer,PK,FALSE,,"Integer identifier; primary key for job orchestration entry.",
Jobs,uuid,UUID,UQ,FALSE,uuid_generate_v4(),"Stable UUID; external identifier for the job.",
Jobs,created_at,DateTime(tz),,FALSE,utcnow(),"Timezone-aware timestamp; job record creation time.",
Jobs,updated_at,DateTime(tz),,FALSE,utcnow(),"Timezone-aware timestamp; last job update.",
Jobs,owner_id,Integer,FK,TRUE,,"Integer foreign key; user who owns or initiated the job.",Users.id
Jobs,name,String(255),,TRUE,,"String; friendly job name assigned by operators.",
Jobs,job_type,CITEXT,,FALSE,,"Case-insensitive text; classification of job purpose.",
Jobs,status_detail,Text,,TRUE,,"Long text; additional narrative about job state.",
Jobs,queue,CITEXT,,TRUE,,"Case-insensitive text; execution queue name for scheduling.",
Jobs,status,CITEXT,,FALSE,pending,"Case-insensitive text; lifecycle state of the job.",
Jobs,priority,Integer,,FALSE,5,"Integer; scheduling priority (lower numbers run sooner).",
Jobs,idempotency_key,String(64),UQ,TRUE,,"String; ensures duplicate job submissions collapse.",
Jobs,scheduled_for,DateTime(tz),,TRUE,,"Timezone-aware timestamp; when job should begin.",
Jobs,started_at,DateTime(tz),,TRUE,,"Timezone-aware timestamp; when execution started.",
Jobs,finished_at,DateTime(tz),,TRUE,,"Timezone-aware timestamp; when execution finished.",
Jobs,last_heartbeat_at,DateTime(tz),,TRUE,,"Timezone-aware timestamp; last worker heartbeat for monitoring.",
Jobs,progress_total,Integer,,FALSE,0,"Integer; total work units planned for the job.",
Jobs,progress_completed,Integer,,FALSE,0,"Integer; work units completed so far.",
Jobs,parameters,JSONB,,FALSE,{},"JSON object; user-supplied parameters driving execution.",
Jobs,result,JSONB,,FALSE,{},"JSON object; final result payload for downstream systems.",
Jobs,error,JSONB,,FALSE,{},"JSON object; structured error details on failure.",
Jobs,run_as_internal,Boolean,,FALSE,False,"Boolean flag; indicates internal service-owned job.",
Jobs,operation_template_id,Integer,FK,TRUE,,"Integer foreign key; template guiding the job actions.",PlatformOperationTemplates.id
JobEvents,id,Integer,PK,FALSE,,"Integer identifier; primary key for job event entry.",
JobEvents,uuid,UUID,UQ,FALSE,uuid_generate_v4(),"Stable UUID; external identifier for the job event.",
JobEvents,created_at,DateTime(tz),,FALSE,utcnow(),"Timezone-aware timestamp; job event creation time.",
JobEvents,updated_at,DateTime(tz),,FALSE,utcnow(),"Timezone-aware timestamp; last job event update.",
JobEvents,job_id,Integer,FK,FALSE,,"Integer foreign key; job this event belongs to.",Jobs.id
JobEvents,event_type,CITEXT,,FALSE,,"Case-insensitive text; type of job event such as log or status.",
JobEvents,message,Text,,TRUE,,"Long text; event narrative for operators.",
JobEvents,context,JSONB,,FALSE,{},"JSON object; structured context payload for the event.",
JobEvents,occurred_at,DateTime(tz),,FALSE,utcnow(),"Timezone-aware timestamp; when the event happened.",
JobTasks,id,Integer,PK,FALSE,,"Integer identifier; primary key for job task.",
JobTasks,uuid,UUID,UQ,FALSE,uuid_generate_v4(),"Stable UUID; external identifier for the job task.",
JobTasks,created_at,DateTime(tz),,FALSE,utcnow(),"Timezone-aware timestamp; job task creation time.",
JobTasks,updated_at,DateTime(tz),,FALSE,utcnow(),"Timezone-aware timestamp; last job task update.",
JobTasks,job_id,Integer,FK,FALSE,,"Integer foreign key; parent job for the task.",Jobs.id
JobTasks,task_type,CITEXT,,FALSE,,"Case-insensitive text; task implementation identifier.",
JobTasks,sequence,Integer,,FALSE,0,"Integer; execution order of the task within the job.",
JobTasks,status,CITEXT,,FALSE,pending,"Case-insensitive text; current task state.",
JobTasks,target_type,CITEXT,,TRUE,,"Case-insensitive text; resource category the task operates on.",
JobTasks,target_id,Integer,,TRUE,,"Integer; identifier of the specific resource targeted.",
JobTasks,device_id,Integer,FK,TRUE,,"Integer foreign key; device the task interacts with.",Devices.id
JobTasks,group_id,Integer,FK,TRUE,,"Integer foreign key; inventory group the task references.",InventoryGroups.id
JobTasks,started_at,DateTime(tz),,TRUE,,"Timezone-aware timestamp; when the task began running.",
JobTasks,finished_at,DateTime(tz),,TRUE,,"Timezone-aware timestamp; when the task completed.",
JobTasks,last_error_at,DateTime(tz),,TRUE,,"Timezone-aware timestamp; most recent failure occurrence.",
JobTasks,attempt_count,Integer,,FALSE,0,"Integer; number of attempts performed so far.",
JobTasks,max_attempts,Integer,,FALSE,1,"Integer; maximum retries allowed for the task.",
JobTasks,progress_total,Integer,,FALSE,0,"Integer; work units allocated to this task.",
JobTasks,progress_completed,Integer,,FALSE,0,"Integer; work units completed for the task.",
JobTasks,idempotency_key,String(64),,TRUE,,"String; used to avoid duplicating task execution.",
JobTasks,parameters,JSONB,,FALSE,{},"JSON object; task-specific input parameters.",
JobTasks,result,JSONB,,FALSE,{},"JSON object; task output payload for downstream consumers.",
JobTasks,error,JSONB,,FALSE,{},"JSON object; structured error details if the task fails.",
